{"cameraMode":{"drawMode":0,"name":"Shaded","section":"Shading Mode"},"sceneLighting":false,"audioPlay":false,"sceneViewState":{"showFog":true,"showMaterialUpdate":false,"showSkybox":false,"showFlares":true,"showImageEffects":true,"showParticleSystems":true},"in2DMode":false,"pivot":{"x":0.6027798056602478,"y":0.002786576747894287,"z":0.07609134912490845},"rotation":{"x":0.3385694921016693,"y":0.14068379998207093,"z":-0.05127407982945442,"w":0.9289615750312805},"size":0.7071067690849304,"orthographic":false}