{"cameraMode":{"drawMode":0,"name":"Shaded","section":"Shading Mode"},"sceneLighting":true,"audioPlay":false,"sceneViewState":{"showFog":true,"showMaterialUpdate":false,"showSkybox":true,"showFlares":true,"showImageEffects":true,"showParticleSystems":true},"in2DMode":false,"pivot":{"x":-0.11361320316791535,"y":2.2558653354644777,"z":-0.24173980951309205},"rotation":{"x":-0.5000986456871033,"y":-0.016367733478546144,"z":0.009458189830183983,"w":-0.8657763600349426},"size":3.7393593788146974,"orthographic":false}